create_user:1,2026-04-08T15:41:58.403808Z
create_user:2,2026-04-08T15:45:00.968418Z
create_user:3,2026-04-22T19:33:30.120288Z
create_driver:1,2026-04-22T19:33:30.146489Z
create_user:1,2026-04-22T19:36:14.148491Z
create_user:2,2026-04-22T19:36:14.242303Z
create_user:3,2026-04-22T19:36:14.339446Z
create_restaurant:1,2026-04-22T19:36:14.471064Z
create_driver:1,2026-04-22T19:36:14.556785Z
create_order:1,2026-04-22T19:36:14.657795Z
update_driver:1,2026-04-22T19:36:14.754181Z
update_order:1,2026-04-22T19:36:14.841729Z
update_driver:1,2026-04-22T19:36:14.925566Z
update_order:1,2026-04-22T19:36:15.006540Z
create_user:4,2026-04-22T19:39:50.048007Z
create_user:5,2026-06-03T17:44:23.206173Z
create_user:1,2026-06-03T18:57:44.824881Z
create_review:1,2026-06-03T20:01:25.190485Z
